epoch,train_loss,train_lr,eval_loss,eval_top1,eval_top5
0,5.974212877529183,0.0001,4.853352799987793,17.279999975585937,63.93999985351562
1,3.091820190862282,0.0034000000000000002,2.1462395942687986,22.91999997253418,78.64
